,train,test
KNN,203.76423746019503,239.52992325899433
RF,52.28736570557099,130.7884179487784
Boosting,904.8380129075629,846.212966483184
